Model,F1 Score
Basic_CNN,0.7802090631580947
Enhanced_CNN,0.046224263268191436
VGG16_Transfer_Learning,0.43944546255095907
ResNet50_Transfer_Learning,0.03859505141086436
